Olivia, Olivia@gmail.com, resume, 123 
Liam, Liam@gmail.com, resume, 123 
Sophia, Sophia@gmail.com, resume, 123 
Noah, Noah,@gmail.com, resume, 123 
Emma, Emma,@gmail.com, resume, 123 
Oliver, Oliver,@gmail.com, resume, 123 
Isabella, Isabella,@gmail.com, resume, 123 
Logan, Logan,@gmail.com, resume, 123 
Ava, Ava,@gmail.com, resume, 123 
Mason, Mason,@gmail.com, resume, 123 
Mia, Mia@gmail.com, resume, 123 
Aiden, Aiden@gmail.com, resume, 123 
Amelia, Amelia@gmail.com, resume, 123 
Ethan, Ethan@gmail.com, resume, 123 
Harper, Harper@gmail.com, resume, 123 
Elijah, Elijah@gmail.com, resume, 123 
Charlotte, Charlotte@gmail.com, resume, 123 
Lucas, Lucas@gmail.com, resume, 123 
Mila, Mila@gmail.com, resume, 123 
James, James@gmail.com, resume, 123 
Aria, Aria@gmail.com, resume, 123 
Alexander, Alexander@gmail.com, resume, 123 
Ella, Ella@gmail.com, resume, 123 
Jacob, Jacob@gmail.com, resume, 123 
Avery, Avery@gmail.com, resume, 123 
Sebastian, Sebastian@gmail.com, resume, 123 
Scarlett, Scarlett@gmail.com, resume, 123 
Carter, Carter@gmail.com, resume, 123 
Riley, Riley@gmail.com, resume, 123 
Gabriel, Gabriel@gmail.com, resume, 123 
Layla, Layla@gmail.com, resume, 123 
Julian, Julian@gmail.com, resume, 123 
Zoey, Zoey@gmail.com, resume, 123 
Grayson, Grayson@gmail.com, resume, 123 
Luna, Luna@gmail.com, resume, 123 
William, William@gmail.com, resume, 123 
Emily, Emily@gmail.com, resume, 123 
Jayden, Jayden@gmail.com, resume, 123 
Sofia, Sofia@gmail.com, resume, 123 
Jackson, Jackson@gmail.com, resume, 123 
Abigail, Abigail@gmail.com, resume, 123 
Matthew, Matthew@gmail.com, resume, 123 
Chloe, Chloe@gmail.com, resume, 123 
Michael, Michael@gmail.com, resume, 123 
Skylar, Skylar@gmail.com, resume, 123 
Anthony, Anthony@gmail.com, resume, 123 
Evelyn, Evelyn@gmail.com, resume, 123 
Benjamin, Benjamin@gmail.com, resume, 123 
Grace, Grace@gmail.com, resume, 123 
Josiah, Josiah@gmail.com, resume, 123 
Victoria, Victoria@gmail.com, resume, 123 
Owen, Owen@gmail.com, resume, 123 
Ellie, Ellie@gmail.com, resume, 123 
Daniel, Daniel@gmail.com, resume, 123 
Penelope, Penelope@gmail.com, resume, 123 
Adrian, Adrian@gmail.com, resume, 123 
Lily, Lily@gmail.com, resume, 123 
Luke, Luke@gmail.com, resume, 123 
Aubrey, Aubrey@gmail.com, resume, 123 
Levi, Levi@gmail.com, resume, 123 
Hannah, Hannah@gmail.com, resume, 123 
Hunter, Hunter@gmail.com, resume, 123 
Madison, Madison@gmail.com, resume, 123 
Isaiah, Isaiah@gmail.com, resume, 123 
Paisley, Paisley@gmail.com, resume, 123 
Jack, Jack@gmail.com, resume, 123 
Aurora, Aurora@gmail.com, resume, 123 
Lincoln, Lincoln@gmail.com, resume, 123 
Hailey, Hailey@gmail.com, resume, 123 
Leo, Leo@gmail.com, resume, 123 
Savannah, Savannah@gmail.com, resume, 123 
Samuel, Samuel@gmail.com, resume, 123 
Nova, Nova@gmail.com, resume, 123 
Muhammad, Muhammad@gmail.com, resume, 123 
Brooklyn, Brooklyn@gmail.com, resume, 123 
Dylan, Dylan@gmail.com, resume, 123 
Camila, Camila@gmail.com, resume, 123 
John, John@gmail.com, resume, 123 
Nora, Nora@gmail.com, resume, 123 
Mateo, Mateo@gmail.com, resume, 123 
Natalie, Natalie@gmail.com, resume, 123 
Jaxon, Jaxon@gmail.com, resume, 123 
Elizabeth, Elizabeth@gmail.com, resume, 123 
Kayden, Kayden@gmail.com, resume, 123 
Bella, Bella@gmail.com, resume, 123 
Henry, Henry@gmail.com, resume, 123 
Leah, Leah@gmail.com, resume, 123 
Maverick, Maverick@gmail.com, resume, 123 
Kinsley, Kinsley@gmail.com, resume, 123 
Isaac, Isaac@gmail.com, resume, 123 
Eva, Eva@gmail.com, resume, 123 
Andrew, Andrew@gmail.com, resume, 123 
Lucy, Lucy@gmail.com, resume, 123 
Wyatt, Wyatt@gmail.com, resume, 123 
Maya, Maya@gmail.com, resume, 123 
David, David@gmail.com, resume, 123 
Lillian, Lillian@gmail.com, resume, 123 
Ezra, Ezra@gmail.com, resume, 123 
Addley, Addley@gmail.com, resume, 123 
Jeremiah, Jeremiah@gmail.com, resume, 123 
